date,datetime,total_donors,total_amount,start
2015-10-03,"Sat, 03 Oct 2015 15:58:38 GMT",12173,516153.6,2015-09-22 00:00:00
2015-10-03,"Sat, 03 Oct 2015 15:59:39 GMT",12173,516153.6,2015-09-22 00:00:00
2015-10-03,"Sat, 03 Oct 2015 16:00:40 GMT",12173,516153.6,2015-09-22 00:00:00
2015-10-03,"Sat, 03 Oct 2015 16:01:40 GMT",12173,516153.6,2015-09-22 00:00:00
2015-10-03,"Sat, 03 Oct 2015 16:02:41 GMT",12174,516178.6,2015-09-22 00:00:00
2015-10-03,"Sat, 03 Oct 2015 16:03:42 GMT",12174,516178.6,2015-09-22 00:00:00
2015-10-03,"Sat, 03 Oct 2015 16:04:42 GMT",12174,516178.6,2015-09-22 00:00:00
2015-10-03,"Sat, 03 Oct 2015 16:05:43 GMT",12174,516178.6,2015-09-22 00:00:00
2015-10-03,"Sat, 03 Oct 2015 16:06:43 GMT",12174,516178.6,2015-09-22 00:00:00
2015-10-03,"Sat, 03 Oct 2015 16:07:44 GMT",12174,516178.6,2015-09-22 00:00:00
2015-10-03,"Sat, 03 Oct 2015 16:08:45 GMT",12174,516178.6,2015-09-22 00:00:00
2015-10-03,"Sat, 03 Oct 2015 16:09:45 GMT",12174,516178.6,2015-09-22 00:00:00
2015-10-03,"Sat, 03 Oct 2015 16:10:46 GMT",12174,516178.6,2015-09-22 00:00:00
2015-10-03,"Sat, 03 Oct 2015 16:11:47 GMT",12174,516178.6,2015-09-22 00:00:00
2015-10-03,"Sat, 03 Oct 2015 16:12:47 GMT",12174,516178.6,2015-09-22 00:00:00
2015-10-03,"Sat, 03 Oct 2015 16:13:48 GMT",12174,516178.6,2015-09-22 00:00:00
2015-10-03,"Sat, 03 Oct 2015 16:14:49 GMT",12174,516178.6,2015-09-22 00:00:00
2015-10-03,"Sat, 03 Oct 2015 16:15:50 GMT",12174,516178.6,2015-09-22 00:00:00
2015-10-03,"Sat, 03 Oct 2015 16:16:50 GMT",12174,516178.6,2015-09-22 00:00:00
2015-10-03,"Sat, 03 Oct 2015 16:17:51 GMT",12174,516178.6,2015-09-22 00:00:00
2015-10-03,"Sat, 03 Oct 2015 16:18:52 GMT",12174,516178.6,2015-09-22 00:00:00
2015-10-03,"Sat, 03 Oct 2015 16:19:52 GMT",12174,516178.6,2015-09-22 00:00:00
2015-10-03,"Sat, 03 Oct 2015 16:20:53 GMT",12175,516203.6,2015-09-22 00:00:00
2015-10-03,"Sat, 03 Oct 2015 16:21:53 GMT",12175,516203.6,2015-09-22 00:00:00
2015-10-03,"Sat, 03 Oct 2015 16:22:54 GMT",12175,516203.6,2015-09-22 00:00:00
2015-10-03,"Sat, 03 Oct 2015 16:23:55 GMT",12175,516203.6,2015-09-22 00:00:00
2015-10-03,"Sat, 03 Oct 2015 16:24:55 GMT",12175,516203.6,2015-09-22 00:00:00
2015-10-03,"Sat, 03 Oct 2015 16:25:56 GMT",12175,516203.6,2015-09-22 00:00:00
2015-10-03,"Sat, 03 Oct 2015 16:26:57 GMT",12175,516203.6,2015-09-22 00:00:00
2015-10-03,"Sat, 03 Oct 2015 16:27:57 GMT",12175,516203.6,2015-09-22 00:00:00
2015-10-03,"Sat, 03 Oct 2015 16:28:58 GMT",12175,516203.6,2015-09-22 00:00:00
2015-10-03,"Sat, 03 Oct 2015 16:29:58 GMT",12175,516203.6,2015-09-22 00:00:00
2015-10-03,"Sat, 03 Oct 2015 16:30:59 GMT",12175,516203.6,2015-09-22 00:00:00
2015-10-03,"Sat, 03 Oct 2015 16:32:00 GMT",12175,516203.6,2015-09-22 00:00:00
2015-10-03,"Sat, 03 Oct 2015 16:33:00 GMT",12175,516203.6,2015-09-22 00:00:00
2015-10-03,"Sat, 03 Oct 2015 16:34:01 GMT",12175,516203.6,2015-09-22 00:00:00
2015-10-03,"Sat, 03 Oct 2015 16:35:02 GMT",12175,516203.6,2015-09-22 00:00:00
2015-10-03,"Sat, 03 Oct 2015 16:36:03 GMT",12175,516203.6,2015-09-22 00:00:00
2015-10-03,"Sat, 03 Oct 2015 16:37:04 GMT",12175,516203.6,2015-09-22 00:00:00
2015-10-03,"Sat, 03 Oct 2015 16:38:05 GMT",12175,516203.6,2015-09-22 00:00:00
2015-10-03,"Sat, 03 Oct 2015 16:39:05 GMT",12176,516213.6,2015-09-22 00:00:00
2015-10-03,"Sat, 03 Oct 2015 16:40:06 GMT",12176,516213.6,2015-09-22 00:00:00
2015-10-03,"Sat, 03 Oct 2015 16:41:06 GMT",12176,516213.6,2015-09-22 00:00:00
2015-10-03,"Sat, 03 Oct 2015 16:42:07 GMT",12177,516263.6,2015-09-22 00:00:00
2015-10-03,"Sat, 03 Oct 2015 16:43:08 GMT",12177,516263.6,2015-09-22 00:00:00
2015-10-03,"Sat, 03 Oct 2015 16:44:08 GMT",12177,516263.6,2015-09-22 00:00:00
2015-10-03,"Sat, 03 Oct 2015 16:45:09 GMT",12177,516263.6,2015-09-22 00:00:00
2015-10-03,"Sat, 03 Oct 2015 16:46:10 GMT",12177,516263.6,2015-09-22 00:00:00
2015-10-03,"Sat, 03 Oct 2015 16:47:10 GMT",12177,516263.6,2015-09-22 00:00:00
2015-10-03,"Sat, 03 Oct 2015 16:48:11 GMT",12177,516263.6,2015-09-22 00:00:00
2015-10-03,"Sat, 03 Oct 2015 16:49:12 GMT",12177,516263.6,2015-09-22 00:00:00
2015-10-03,"Sat, 03 Oct 2015 16:50:12 GMT",12177,516263.6,2015-09-22 00:00:00
2015-10-03,"Sat, 03 Oct 2015 16:51:13 GMT",12177,516263.6,2015-09-22 00:00:00
2015-10-03,"Sat, 03 Oct 2015 16:52:13 GMT",12177,516263.6,2015-09-22 00:00:00
2015-10-03,"Sat, 03 Oct 2015 16:53:14 GMT",12177,516263.6,2015-09-22 00:00:00
2015-10-03,"Sat, 03 Oct 2015 16:54:15 GMT",12177,516263.6,2015-09-22 00:00:00
2015-10-03,"Sat, 03 Oct 2015 16:55:15 GMT",12177,516263.6,2015-09-22 00:00:00
2015-10-03,"Sat, 03 Oct 2015 16:56:16 GMT",12177,516263.6,2015-09-22 00:00:00
2015-10-03,"Sat, 03 Oct 2015 16:57:17 GMT",12177,516263.6,2015-09-22 00:00:00
2015-10-03,"Sat, 03 Oct 2015 16:58:17 GMT",12177,516263.6,2015-09-22 00:00:00
2015-10-03,"Sat, 03 Oct 2015 16:59:18 GMT",12177,516263.6,2015-09-22 00:00:00
2015-10-03,"Sat, 03 Oct 2015 17:00:19 GMT",12178,516283.76,2015-09-22 00:00:00
2015-10-03,"Sat, 03 Oct 2015 17:01:19 GMT",12178,516283.76,2015-09-22 00:00:00
2015-10-03,"Sat, 03 Oct 2015 17:02:20 GMT",12178,516283.76,2015-09-22 00:00:00
2015-10-03,"Sat, 03 Oct 2015 17:03:20 GMT",12183,516507.51,2015-09-22 00:00:00
2015-10-03,"Sat, 03 Oct 2015 17:04:21 GMT",12183,516507.51,2015-09-22 00:00:00
2015-10-03,"Sat, 03 Oct 2015 17:05:22 GMT",12183,516507.51,2015-09-22 00:00:00
2015-10-03,"Sat, 03 Oct 2015 17:06:22 GMT",12183,516507.51,2015-09-22 00:00:00
2015-10-03,"Sat, 03 Oct 2015 17:07:23 GMT",12183,516507.51,2015-09-22 00:00:00
2015-10-03,"Sat, 03 Oct 2015 17:08:24 GMT",12183,516507.51,2015-09-22 00:00:00
2015-10-03,"Sat, 03 Oct 2015 17:09:24 GMT",12184,516557.51,2015-09-22 00:00:00
2015-10-03,"Sat, 03 Oct 2015 17:10:25 GMT",12184,516557.51,2015-09-22 00:00:00
2015-10-03,"Sat, 03 Oct 2015 17:11:25 GMT",12184,516557.51,2015-09-22 00:00:00
2015-10-03,"Sat, 03 Oct 2015 17:12:26 GMT",12184,516557.51,2015-09-22 00:00:00
2015-10-03,"Sat, 03 Oct 2015 17:13:27 GMT",12184,516557.51,2015-09-22 00:00:00
2015-10-03,"Sat, 03 Oct 2015 17:14:27 GMT",12184,516557.51,2015-09-22 00:00:00
2015-10-03,"Sat, 03 Oct 2015 17:15:28 GMT",12184,516557.51,2015-09-22 00:00:00
2015-10-03,"Sat, 03 Oct 2015 17:16:29 GMT",12184,516557.51,2015-09-22 00:00:00
2015-10-03,"Sat, 03 Oct 2015 17:17:29 GMT",12184,516557.51,2015-09-22 00:00:00
2015-10-03,"Sat, 03 Oct 2015 17:18:30 GMT",12184,516557.51,2015-09-22 00:00:00
2015-10-03,"Sat, 03 Oct 2015 17:19:31 GMT",12184,516557.51,2015-09-22 00:00:00
2015-10-03,"Sat, 03 Oct 2015 17:20:31 GMT",12184,516557.51,2015-09-22 00:00:00
2015-10-03,"Sat, 03 Oct 2015 17:21:32 GMT",12184,516557.51,2015-09-22 00:00:00
2015-10-03,"Sat, 03 Oct 2015 17:22:32 GMT",12184,516557.51,2015-09-22 00:00:00
2015-10-03,"Sat, 03 Oct 2015 17:23:33 GMT",12184,516557.51,2015-09-22 00:00:00
2015-10-03,"Sat, 03 Oct 2015 17:24:34 GMT",12184,516557.51,2015-09-22 00:00:00
2015-10-03,"Sat, 03 Oct 2015 17:25:34 GMT",12184,516557.51,2015-09-22 00:00:00
2015-10-03,"Sat, 03 Oct 2015 17:26:35 GMT",12184,516557.51,2015-09-22 00:00:00
2015-10-03,"Sat, 03 Oct 2015 17:27:36 GMT",12184,516557.51,2015-09-22 00:00:00
2015-10-03,"Sat, 03 Oct 2015 17:28:36 GMT",12184,516557.51,2015-09-22 00:00:00
2015-10-03,"Sat, 03 Oct 2015 17:29:37 GMT",12184,516557.51,2015-09-22 00:00:00
2015-10-03,"Sat, 03 Oct 2015 17:30:38 GMT",12184,516557.51,2015-09-22 00:00:00
2015-10-03,"Sat, 03 Oct 2015 17:31:38 GMT",12184,516557.51,2015-09-22 00:00:00
2015-10-03,"Sat, 03 Oct 2015 17:32:39 GMT",12184,516557.51,2015-09-22 00:00:00
2015-10-03,"Sat, 03 Oct 2015 17:33:39 GMT",12184,516557.51,2015-09-22 00:00:00
2015-10-03,"Sat, 03 Oct 2015 17:34:40 GMT",12184,516557.51,2015-09-22 00:00:00
2015-10-03,"Sat, 03 Oct 2015 17:35:41 GMT",12184,516557.51,2015-09-22 00:00:00
2015-10-03,"Sat, 03 Oct 2015 17:36:41 GMT",12184,516557.51,2015-09-22 00:00:00
2015-10-03,"Sat, 03 Oct 2015 17:37:42 GMT",12184,516557.51,2015-09-22 00:00:00
2015-10-03,"Sat, 03 Oct 2015 17:38:43 GMT",12184,516557.51,2015-09-22 00:00:00
2015-10-03,"Sat, 03 Oct 2015 17:39:43 GMT",12184,516557.51,2015-09-22 00:00:00
2015-10-03,"Sat, 03 Oct 2015 17:40:44 GMT",12184,516557.51,2015-09-22 00:00:00
2015-10-03,"Sat, 03 Oct 2015 17:41:45 GMT",12184,516557.51,2015-09-22 00:00:00
2015-10-03,"Sat, 03 Oct 2015 17:42:46 GMT",12184,516557.51,2015-09-22 00:00:00
2015-10-03,"Sat, 03 Oct 2015 17:43:46 GMT",12184,516557.51,2015-09-22 00:00:00
2015-10-03,"Sat, 03 Oct 2015 17:44:47 GMT",12184,516557.51,2015-09-22 00:00:00
2015-10-03,"Sat, 03 Oct 2015 17:45:47 GMT",12185,516577.67,2015-09-22 00:00:00
2015-10-03,"Sat, 03 Oct 2015 17:46:48 GMT",12185,516577.67,2015-09-22 00:00:00
2015-10-03,"Sat, 03 Oct 2015 17:47:49 GMT",12185,516577.67,2015-09-22 00:00:00
2015-10-03,"Sat, 03 Oct 2015 17:48:50 GMT",12185,516577.67,2015-09-22 00:00:00
2015-10-03,"Sat, 03 Oct 2015 17:49:50 GMT",12186,516677.67,2015-09-22 00:00:00
2015-10-03,"Sat, 03 Oct 2015 17:50:51 GMT",12186,516677.67,2015-09-22 00:00:00
2015-10-03,"Sat, 03 Oct 2015 17:51:52 GMT",12186,516677.67,2015-09-22 00:00:00
2015-10-03,"Sat, 03 Oct 2015 17:52:52 GMT",12186,516677.67,2015-09-22 00:00:00
2015-10-03,"Sat, 03 Oct 2015 17:53:53 GMT",12186,516677.67,2015-09-22 00:00:00
2015-10-03,"Sat, 03 Oct 2015 17:54:53 GMT",12186,516677.67,2015-09-22 00:00:00
2015-10-03,"Sat, 03 Oct 2015 17:55:54 GMT",12186,516677.67,2015-09-22 00:00:00
2015-10-03,"Sat, 03 Oct 2015 17:56:55 GMT",12186,516677.67,2015-09-22 00:00:00
2015-10-03,"Sat, 03 Oct 2015 17:57:55 GMT",12186,516677.67,2015-09-22 00:00:00
2015-10-03,"Sat, 03 Oct 2015 17:58:56 GMT",12186,516677.67,2015-09-22 00:00:00
2015-10-03,"Sat, 03 Oct 2015 17:59:57 GMT",12186,516677.67,2015-09-22 00:00:00
2015-10-03,"Sat, 03 Oct 2015 18:00:58 GMT",12186,516677.67,2015-09-22 00:00:00
2015-10-03,"Sat, 03 Oct 2015 18:01:58 GMT",12186,516677.67,2015-09-22 00:00:00
2015-10-03,"Sat, 03 Oct 2015 18:02:59 GMT",12186,516677.67,2015-09-22 00:00:00
2015-10-03,"Sat, 03 Oct 2015 18:04:00 GMT",12186,516677.67,2015-09-22 00:00:00
2015-10-03,"Sat, 03 Oct 2015 18:05:00 GMT",12186,516677.67,2015-09-22 00:00:00
2015-10-03,"Sat, 03 Oct 2015 18:06:01 GMT",12186,516677.67,2015-09-22 00:00:00
2015-10-03,"Sat, 03 Oct 2015 18:07:03 GMT",12186,516677.67,2015-09-22 00:00:00
2015-10-03,"Sat, 03 Oct 2015 18:08:04 GMT",12186,516677.67,2015-09-22 00:00:00
2015-10-03,"Sat, 03 Oct 2015 18:09:05 GMT",12186,516677.67,2015-09-22 00:00:00
2015-10-03,"Sat, 03 Oct 2015 18:10:05 GMT",12186,516677.67,2015-09-22 00:00:00
2015-10-03,"Sat, 03 Oct 2015 18:11:06 GMT",12186,516677.67,2015-09-22 00:00:00
2015-10-03,"Sat, 03 Oct 2015 18:12:07 GMT",12186,516677.67,2015-09-22 00:00:00
2015-10-03,"Sat, 03 Oct 2015 18:13:08 GMT",12186,516677.67,2015-09-22 00:00:00
2015-10-03,"Sat, 03 Oct 2015 18:14:08 GMT",12186,516677.67,2015-09-22 00:00:00
2015-10-03,"Sat, 03 Oct 2015 18:15:09 GMT",12186,516677.67,2015-09-22 00:00:00
2015-10-03,"Sat, 03 Oct 2015 18:16:10 GMT",12186,516677.67,2015-09-22 00:00:00
2015-10-03,"Sat, 03 Oct 2015 18:17:10 GMT",12186,516677.67,2015-09-22 00:00:00
2015-10-03,"Sat, 03 Oct 2015 18:18:11 GMT",12187,516697.83,2015-09-22 00:00:00
2015-10-03,"Sat, 03 Oct 2015 18:19:11 GMT",12187,516697.83,2015-09-22 00:00:00
2015-10-03,"Sat, 03 Oct 2015 18:20:12 GMT",12187,516697.83,2015-09-22 00:00:00
2015-10-03,"Sat, 03 Oct 2015 18:21:13 GMT",12187,516697.83,2015-09-22 00:00:00
2015-10-03,"Sat, 03 Oct 2015 18:22:13 GMT",12187,516697.83,2015-09-22 00:00:00
2015-10-03,"Sat, 03 Oct 2015 18:23:14 GMT",12187,516697.83,2015-09-22 00:00:00
2015-10-03,"Sat, 03 Oct 2015 18:24:15 GMT",12187,516697.83,2015-09-22 00:00:00
2015-10-03,"Sat, 03 Oct 2015 18:25:15 GMT",12187,516697.83,2015-09-22 00:00:00
2015-10-03,"Sat, 03 Oct 2015 18:26:16 GMT",12187,516697.83,2015-09-22 00:00:00
2015-10-03,"Sat, 03 Oct 2015 18:27:17 GMT",12188,516747.83,2015-09-22 00:00:00
2015-10-03,"Sat, 03 Oct 2015 18:28:17 GMT",12188,516747.83,2015-09-22 00:00:00
2015-10-03,"Sat, 03 Oct 2015 18:29:18 GMT",12188,516747.83,2015-09-22 00:00:00
2015-10-03,"Sat, 03 Oct 2015 18:30:19 GMT",12188,516747.83,2015-09-22 00:00:00
2015-10-03,"Sat, 03 Oct 2015 18:31:19 GMT",12188,516747.83,2015-09-22 00:00:00
2015-10-03,"Sat, 03 Oct 2015 18:32:20 GMT",12188,516747.83,2015-09-22 00:00:00
2015-10-03,"Sat, 03 Oct 2015 18:33:21 GMT",12188,516747.83,2015-09-22 00:00:00
2015-10-03,"Sat, 03 Oct 2015 18:34:21 GMT",12188,516747.83,2015-09-22 00:00:00
2015-10-03,"Sat, 03 Oct 2015 18:35:22 GMT",12188,516747.83,2015-09-22 00:00:00
2015-10-03,"Sat, 03 Oct 2015 18:36:23 GMT",12188,516747.83,2015-09-22 00:00:00
2015-10-03,"Sat, 03 Oct 2015 18:37:23 GMT",12188,516747.83,2015-09-22 00:00:00
2015-10-03,"Sat, 03 Oct 2015 18:38:24 GMT",12188,516747.83,2015-09-22 00:00:00
2015-10-03,"Sat, 03 Oct 2015 18:39:24 GMT",12188,516747.83,2015-09-22 00:00:00
2015-10-03,"Sat, 03 Oct 2015 18:40:25 GMT",12188,516747.83,2015-09-22 00:00:00
2015-10-03,"Sat, 03 Oct 2015 18:41:26 GMT",12188,516747.83,2015-09-22 00:00:00
2015-10-03,"Sat, 03 Oct 2015 18:42:26 GMT",12188,516747.83,2015-09-22 00:00:00
2015-10-03,"Sat, 03 Oct 2015 18:43:27 GMT",12188,516747.83,2015-09-22 00:00:00
2015-10-03,"Sat, 03 Oct 2015 18:44:28 GMT",12188,516747.83,2015-09-22 00:00:00
2015-10-03,"Sat, 03 Oct 2015 18:45:28 GMT",12188,516747.83,2015-09-22 00:00:00
2015-10-03,"Sat, 03 Oct 2015 18:46:29 GMT",12188,516747.83,2015-09-22 00:00:00
2015-10-03,"Sat, 03 Oct 2015 18:47:30 GMT",12188,516747.83,2015-09-22 00:00:00
2015-10-03,"Sat, 03 Oct 2015 18:48:30 GMT",12188,516747.83,2015-09-22 00:00:00
2015-10-03,"Sat, 03 Oct 2015 18:49:31 GMT",12188,516747.83,2015-09-22 00:00:00
2015-10-03,"Sat, 03 Oct 2015 18:50:32 GMT",12188,516747.83,2015-09-22 00:00:00
2015-10-03,"Sat, 03 Oct 2015 18:51:32 GMT",12188,516747.83,2015-09-22 00:00:00
2015-10-03,"Sat, 03 Oct 2015 18:52:33 GMT",12188,516747.83,2015-09-22 00:00:00
2015-10-03,"Sat, 03 Oct 2015 18:53:34 GMT",12188,516747.83,2015-09-22 00:00:00
2015-10-03,"Sat, 03 Oct 2015 18:54:34 GMT",12188,516747.83,2015-09-22 00:00:00
2015-10-03,"Sat, 03 Oct 2015 18:55:35 GMT",12188,516747.83,2015-09-22 00:00:00
2015-10-03,"Sat, 03 Oct 2015 18:56:36 GMT",12188,516747.83,2015-09-22 00:00:00
2015-10-03,"Sat, 03 Oct 2015 18:57:36 GMT",12188,516747.83,2015-09-22 00:00:00
2015-10-03,"Sat, 03 Oct 2015 18:58:37 GMT",12188,516747.83,2015-09-22 00:00:00
2015-10-03,"Sat, 03 Oct 2015 18:59:38 GMT",12188,516747.83,2015-09-22 00:00:00
2015-10-03,"Sat, 03 Oct 2015 19:00:38 GMT",12188,516747.83,2015-09-22 00:00:00
2015-10-03,"Sat, 03 Oct 2015 19:01:39 GMT",12188,516747.83,2015-09-22 00:00:00
2015-10-03,"Sat, 03 Oct 2015 19:02:39 GMT",12188,516747.83,2015-09-22 00:00:00
2015-10-03,"Sat, 03 Oct 2015 19:03:40 GMT",12189,516768.58,2015-09-22 00:00:00
2015-10-03,"Sat, 03 Oct 2015 19:04:41 GMT",12189,516768.58,2015-09-22 00:00:00
2015-10-03,"Sat, 03 Oct 2015 19:05:41 GMT",12189,516768.58,2015-09-22 00:00:00
2015-10-03,"Sat, 03 Oct 2015 19:06:42 GMT",12189,516768.58,2015-09-22 00:00:00
2015-10-03,"Sat, 03 Oct 2015 19:07:43 GMT",12189,516768.58,2015-09-22 00:00:00
2015-10-03,"Sat, 03 Oct 2015 19:08:43 GMT",12189,516768.58,2015-09-22 00:00:00
2015-10-03,"Sat, 03 Oct 2015 19:09:44 GMT",12189,516768.58,2015-09-22 00:00:00
2015-10-03,"Sat, 03 Oct 2015 19:10:45 GMT",12189,516768.58,2015-09-22 00:00:00
2015-10-03,"Sat, 03 Oct 2015 19:11:45 GMT",12189,516768.58,2015-09-22 00:00:00
2015-10-03,"Sat, 03 Oct 2015 19:12:46 GMT",12189,516768.58,2015-09-22 00:00:00
2015-10-03,"Sat, 03 Oct 2015 19:13:46 GMT",12189,516768.58,2015-09-22 00:00:00
2015-10-03,"Sat, 03 Oct 2015 19:14:47 GMT",12189,516768.58,2015-09-22 00:00:00
2015-10-03,"Sat, 03 Oct 2015 19:15:48 GMT",12189,516768.58,2015-09-22 00:00:00
2015-10-03,"Sat, 03 Oct 2015 19:16:48 GMT",12189,516768.58,2015-09-22 00:00:00
2015-10-03,"Sat, 03 Oct 2015 19:17:49 GMT",12189,516768.58,2015-09-22 00:00:00
2015-10-03,"Sat, 03 Oct 2015 19:18:50 GMT",12189,516768.58,2015-09-22 00:00:00
2015-10-03,"Sat, 03 Oct 2015 19:19:50 GMT",12189,516768.58,2015-09-22 00:00:00
2015-10-03,"Sat, 03 Oct 2015 19:20:51 GMT",12189,516768.58,2015-09-22 00:00:00
2015-10-03,"Sat, 03 Oct 2015 19:21:51 GMT",12189,516768.58,2015-09-22 00:00:00
2015-10-03,"Sat, 03 Oct 2015 19:22:52 GMT",12189,516768.58,2015-09-22 00:00:00
2015-10-03,"Sat, 03 Oct 2015 19:23:53 GMT",12189,516768.58,2015-09-22 00:00:00
2015-10-03,"Sat, 03 Oct 2015 19:24:53 GMT",12189,516768.58,2015-09-22 00:00:00
2015-10-03,"Sat, 03 Oct 2015 19:25:54 GMT",12189,516768.58,2015-09-22 00:00:00
2015-10-03,"Sat, 03 Oct 2015 19:26:55 GMT",12189,516768.58,2015-09-22 00:00:00
2015-10-03,"Sat, 03 Oct 2015 19:27:55 GMT",12190,516788.74,2015-09-22 00:00:00
2015-10-03,"Sat, 03 Oct 2015 19:28:56 GMT",12190,516788.74,2015-09-22 00:00:00
2015-10-03,"Sat, 03 Oct 2015 19:29:57 GMT",12190,516788.74,2015-09-22 00:00:00
2015-10-03,"Sat, 03 Oct 2015 19:30:57 GMT",12191,516838.74,2015-09-22 00:00:00
2015-10-03,"Sat, 03 Oct 2015 19:31:58 GMT",12191,516838.74,2015-09-22 00:00:00
2015-10-03,"Sat, 03 Oct 2015 19:32:59 GMT",12191,516838.74,2015-09-22 00:00:00
2015-10-03,"Sat, 03 Oct 2015 19:33:59 GMT",12191,516838.74,2015-09-22 00:00:00
2015-10-03,"Sat, 03 Oct 2015 19:35:00 GMT",12191,516838.74,2015-09-22 00:00:00
2015-10-03,"Sat, 03 Oct 2015 19:36:01 GMT",12191,516838.74,2015-09-22 00:00:00
2015-10-03,"Sat, 03 Oct 2015 19:37:02 GMT",12191,516838.74,2015-09-22 00:00:00
2015-10-03,"Sat, 03 Oct 2015 19:38:03 GMT",12191,516838.74,2015-09-22 00:00:00
2015-10-03,"Sat, 03 Oct 2015 19:39:04 GMT",12191,516838.74,2015-09-22 00:00:00
2015-10-03,"Sat, 03 Oct 2015 19:40:05 GMT",12191,516838.74,2015-09-22 00:00:00
2015-10-03,"Sat, 03 Oct 2015 19:41:06 GMT",12191,516838.74,2015-09-22 00:00:00
2015-10-03,"Sat, 03 Oct 2015 19:42:06 GMT",12191,516838.74,2015-09-22 00:00:00
2015-10-03,"Sat, 03 Oct 2015 19:43:07 GMT",12191,516838.74,2015-09-22 00:00:00
2015-10-03,"Sat, 03 Oct 2015 19:44:08 GMT",12191,516838.74,2015-09-22 00:00:00
2015-10-03,"Sat, 03 Oct 2015 19:45:08 GMT",12191,516838.74,2015-09-22 00:00:00
2015-10-03,"Sat, 03 Oct 2015 19:46:09 GMT",12191,516838.74,2015-09-22 00:00:00
2015-10-03,"Sat, 03 Oct 2015 19:47:10 GMT",12191,516838.74,2015-09-22 00:00:00
2015-10-03,"Sat, 03 Oct 2015 19:48:10 GMT",12191,516838.74,2015-09-22 00:00:00
2015-10-03,"Sat, 03 Oct 2015 19:49:11 GMT",12191,516838.74,2015-09-22 00:00:00
2015-10-03,"Sat, 03 Oct 2015 19:50:11 GMT",12191,516838.74,2015-09-22 00:00:00
2015-10-03,"Sat, 03 Oct 2015 19:51:12 GMT",12191,516838.74,2015-09-22 00:00:00
2015-10-03,"Sat, 03 Oct 2015 19:52:13 GMT",12191,516838.74,2015-09-22 00:00:00
2015-10-03,"Sat, 03 Oct 2015 19:53:13 GMT",12191,516838.74,2015-09-22 00:00:00
2015-10-03,"Sat, 03 Oct 2015 19:54:14 GMT",12191,516838.74,2015-09-22 00:00:00
2015-10-03,"Sat, 03 Oct 2015 19:55:14 GMT",12191,516838.74,2015-09-22 00:00:00
2015-10-03,"Sat, 03 Oct 2015 19:56:15 GMT",12191,516838.74,2015-09-22 00:00:00
2015-10-03,"Sat, 03 Oct 2015 19:57:16 GMT",12191,516838.74,2015-09-22 00:00:00
2015-10-03,"Sat, 03 Oct 2015 19:58:17 GMT",12191,516838.74,2015-09-22 00:00:00
2015-10-03,"Sat, 03 Oct 2015 19:59:17 GMT",12192,516856.5,2015-09-22 00:00:00
2015-10-03,"Sat, 03 Oct 2015 20:00:18 GMT",12192,516856.5,2015-09-22 00:00:00
2015-10-03,"Sat, 03 Oct 2015 20:01:18 GMT",12192,516856.5,2015-09-22 00:00:00
2015-10-03,"Sat, 03 Oct 2015 20:02:19 GMT",12192,516856.5,2015-09-22 00:00:00
2015-10-03,"Sat, 03 Oct 2015 20:03:20 GMT",12197,517089.25,2015-09-22 00:00:00
2015-10-03,"Sat, 03 Oct 2015 20:04:21 GMT",12197,517089.25,2015-09-22 00:00:00
2015-10-03,"Sat, 03 Oct 2015 20:05:22 GMT",12197,517089.25,2015-09-22 00:00:00
2015-10-03,"Sat, 03 Oct 2015 20:06:22 GMT",12197,517089.25,2015-09-22 00:00:00
2015-10-03,"Sat, 03 Oct 2015 20:07:23 GMT",12197,517089.25,2015-09-22 00:00:00
2015-10-03,"Sat, 03 Oct 2015 20:08:23 GMT",12197,517089.25,2015-09-22 00:00:00
2015-10-03,"Sat, 03 Oct 2015 20:09:24 GMT",12197,517089.25,2015-09-22 00:00:00
2015-10-03,"Sat, 03 Oct 2015 20:10:25 GMT",12197,517089.25,2015-09-22 00:00:00
2015-10-03,"Sat, 03 Oct 2015 20:11:25 GMT",12197,517089.25,2015-09-22 00:00:00
2015-10-03,"Sat, 03 Oct 2015 20:12:26 GMT",12197,517089.25,2015-09-22 00:00:00
2015-10-03,"Sat, 03 Oct 2015 20:13:27 GMT",12197,517089.25,2015-09-22 00:00:00
2015-10-03,"Sat, 03 Oct 2015 20:14:28 GMT",12197,517089.25,2015-09-22 00:00:00
2015-10-03,"Sat, 03 Oct 2015 20:15:28 GMT",12197,517089.25,2015-09-22 00:00:00
2015-10-03,"Sat, 03 Oct 2015 20:16:29 GMT",12197,517089.25,2015-09-22 00:00:00
2015-10-03,"Sat, 03 Oct 2015 20:17:30 GMT",12197,517089.25,2015-09-22 00:00:00
2015-10-03,"Sat, 03 Oct 2015 20:18:30 GMT",12197,517089.25,2015-09-22 00:00:00
2015-10-03,"Sat, 03 Oct 2015 20:19:31 GMT",12197,517089.25,2015-09-22 00:00:00
2015-10-03,"Sat, 03 Oct 2015 20:20:32 GMT",12197,517089.25,2015-09-22 00:00:00
2015-10-03,"Sat, 03 Oct 2015 20:21:32 GMT",12197,517089.25,2015-09-22 00:00:00
2015-10-03,"Sat, 03 Oct 2015 20:22:33 GMT",12197,517089.25,2015-09-22 00:00:00
2015-10-03,"Sat, 03 Oct 2015 20:23:34 GMT",12197,517089.25,2015-09-22 00:00:00
2015-10-03,"Sat, 03 Oct 2015 20:24:34 GMT",12197,517089.25,2015-09-22 00:00:00
2015-10-03,"Sat, 03 Oct 2015 20:25:35 GMT",12197,517089.25,2015-09-22 00:00:00
2015-10-03,"Sat, 03 Oct 2015 20:26:36 GMT",12197,517089.25,2015-09-22 00:00:00
2015-10-03,"Sat, 03 Oct 2015 20:27:37 GMT",12197,517089.25,2015-09-22 00:00:00
2015-10-03,"Sat, 03 Oct 2015 20:28:37 GMT",12197,517089.25,2015-09-22 00:00:00
2015-10-03,"Sat, 03 Oct 2015 20:29:38 GMT",12197,517089.25,2015-09-22 00:00:00
2015-10-03,"Sat, 03 Oct 2015 20:30:39 GMT",12197,517089.25,2015-09-22 00:00:00
2015-10-03,"Sat, 03 Oct 2015 20:31:40 GMT",12197,517089.25,2015-09-22 00:00:00
2015-10-03,"Sat, 03 Oct 2015 20:32:40 GMT",12197,517089.25,2015-09-22 00:00:00
2015-10-03,"Sat, 03 Oct 2015 20:33:41 GMT",12197,517089.25,2015-09-22 00:00:00
2015-10-03,"Sat, 03 Oct 2015 20:34:41 GMT",12197,517089.25,2015-09-22 00:00:00
2015-10-03,"Sat, 03 Oct 2015 20:35:42 GMT",12197,517089.25,2015-09-22 00:00:00
2015-10-03,"Sat, 03 Oct 2015 20:36:43 GMT",12197,517089.25,2015-09-22 00:00:00
2015-10-03,"Sat, 03 Oct 2015 20:37:43 GMT",12197,517089.25,2015-09-22 00:00:00
2015-10-03,"Sat, 03 Oct 2015 20:38:44 GMT",12197,517089.25,2015-09-22 00:00:00
2015-10-03,"Sat, 03 Oct 2015 20:39:45 GMT",12197,517089.25,2015-09-22 00:00:00
2015-10-03,"Sat, 03 Oct 2015 20:40:45 GMT",12197,517089.25,2015-09-22 00:00:00
2015-10-03,"Sat, 03 Oct 2015 20:41:46 GMT",12197,517089.25,2015-09-22 00:00:00
2015-10-03,"Sat, 03 Oct 2015 20:42:47 GMT",12197,517089.25,2015-09-22 00:00:00
2015-10-03,"Sat, 03 Oct 2015 20:43:47 GMT",12197,517089.25,2015-09-22 00:00:00
2015-10-03,"Sat, 03 Oct 2015 20:44:48 GMT",12197,517089.25,2015-09-22 00:00:00
2015-10-03,"Sat, 03 Oct 2015 20:45:49 GMT",12197,517089.25,2015-09-22 00:00:00
2015-10-03,"Sat, 03 Oct 2015 20:46:50 GMT",12197,517089.25,2015-09-22 00:00:00
2015-10-03,"Sat, 03 Oct 2015 20:47:50 GMT",12197,517089.25,2015-09-22 00:00:00
2015-10-03,"Sat, 03 Oct 2015 20:48:51 GMT",12198,517114.25,2015-09-22 00:00:00
2015-10-03,"Sat, 03 Oct 2015 20:49:52 GMT",12198,517114.25,2015-09-22 00:00:00
2015-10-03,"Sat, 03 Oct 2015 20:50:52 GMT",12198,517114.25,2015-09-22 00:00:00
2015-10-03,"Sat, 03 Oct 2015 20:51:53 GMT",12198,517114.25,2015-09-22 00:00:00
2015-10-03,"Sat, 03 Oct 2015 20:52:54 GMT",12198,517114.25,2015-09-22 00:00:00
2015-10-03,"Sat, 03 Oct 2015 20:53:54 GMT",12198,517114.25,2015-09-22 00:00:00
2015-10-03,"Sat, 03 Oct 2015 20:54:55 GMT",12198,517114.25,2015-09-22 00:00:00
2015-10-03,"Sat, 03 Oct 2015 20:55:56 GMT",12198,517114.25,2015-09-22 00:00:00
2015-10-03,"Sat, 03 Oct 2015 20:56:56 GMT",12198,517114.25,2015-09-22 00:00:00
2015-10-03,"Sat, 03 Oct 2015 20:57:57 GMT",12198,517114.25,2015-09-22 00:00:00
2015-10-03,"Sat, 03 Oct 2015 20:58:58 GMT",12198,517114.25,2015-09-22 00:00:00
2015-10-03,"Sat, 03 Oct 2015 20:59:58 GMT",12198,517114.25,2015-09-22 00:00:00
2015-10-03,"Sat, 03 Oct 2015 21:00:59 GMT",12198,517114.25,2015-09-22 00:00:00
2015-10-03,"Sat, 03 Oct 2015 21:02:00 GMT",12198,517114.25,2015-09-22 00:00:00
2015-10-03,"Sat, 03 Oct 2015 21:03:00 GMT",12198,517114.25,2015-09-22 00:00:00
2015-10-03,"Sat, 03 Oct 2015 21:04:01 GMT",12199,517207,2015-09-22 00:00:00
2015-10-03,"Sat, 03 Oct 2015 21:05:03 GMT",12199,517207,2015-09-22 00:00:00
2015-10-03,"Sat, 03 Oct 2015 21:06:05 GMT",12199,517207,2015-09-22 00:00:00
2015-10-03,"Sat, 03 Oct 2015 21:07:05 GMT",12199,517207,2015-09-22 00:00:00
2015-10-03,"Sat, 03 Oct 2015 21:08:06 GMT",12199,517207,2015-09-22 00:00:00
2015-10-03,"Sat, 03 Oct 2015 21:09:07 GMT",12199,517207,2015-09-22 00:00:00
2015-10-03,"Sat, 03 Oct 2015 21:10:07 GMT",12199,517207,2015-09-22 00:00:00
2015-10-03,"Sat, 03 Oct 2015 21:11:08 GMT",12199,517207,2015-09-22 00:00:00
2015-10-03,"Sat, 03 Oct 2015 21:12:09 GMT",12199,517207,2015-09-22 00:00:00
2015-10-03,"Sat, 03 Oct 2015 21:13:10 GMT",12199,517207,2015-09-22 00:00:00
2015-10-03,"Sat, 03 Oct 2015 21:14:10 GMT",12199,517207,2015-09-22 00:00:00
2015-10-03,"Sat, 03 Oct 2015 21:15:11 GMT",12199,517207,2015-09-22 00:00:00
2015-10-03,"Sat, 03 Oct 2015 21:16:11 GMT",12199,517207,2015-09-22 00:00:00
2015-10-03,"Sat, 03 Oct 2015 21:17:12 GMT",12200,517257,2015-09-22 00:00:00
2015-10-03,"Sat, 03 Oct 2015 21:18:13 GMT",12200,517257,2015-09-22 00:00:00
2015-10-03,"Sat, 03 Oct 2015 21:19:13 GMT",12200,517257,2015-09-22 00:00:00
2015-10-03,"Sat, 03 Oct 2015 21:20:14 GMT",12200,517257,2015-09-22 00:00:00
2015-10-03,"Sat, 03 Oct 2015 21:21:15 GMT",12200,517257,2015-09-22 00:00:00
2015-10-03,"Sat, 03 Oct 2015 21:22:15 GMT",12200,517257,2015-09-22 00:00:00
2015-10-03,"Sat, 03 Oct 2015 21:23:16 GMT",12200,517257,2015-09-22 00:00:00
2015-10-03,"Sat, 03 Oct 2015 21:24:17 GMT",12200,517257,2015-09-22 00:00:00
2015-10-03,"Sat, 03 Oct 2015 21:25:17 GMT",12200,517257,2015-09-22 00:00:00
2015-10-03,"Sat, 03 Oct 2015 21:26:18 GMT",12200,517257,2015-09-22 00:00:00
2015-10-03,"Sat, 03 Oct 2015 21:27:19 GMT",12200,517257,2015-09-22 00:00:00
2015-10-03,"Sat, 03 Oct 2015 21:28:19 GMT",12200,517257,2015-09-22 00:00:00
2015-10-03,"Sat, 03 Oct 2015 21:29:20 GMT",12200,517257,2015-09-22 00:00:00
2015-10-03,"Sat, 03 Oct 2015 21:30:20 GMT",12200,517257,2015-09-22 00:00:00
2015-10-03,"Sat, 03 Oct 2015 21:31:21 GMT",12200,517257,2015-09-22 00:00:00
2015-10-03,"Sat, 03 Oct 2015 21:32:22 GMT",12200,517257,2015-09-22 00:00:00
2015-10-03,"Sat, 03 Oct 2015 21:33:22 GMT",12200,517257,2015-09-22 00:00:00
2015-10-03,"Sat, 03 Oct 2015 21:34:23 GMT",12200,517257,2015-09-22 00:00:00
2015-10-03,"Sat, 03 Oct 2015 21:35:24 GMT",12200,517257,2015-09-22 00:00:00
2015-10-03,"Sat, 03 Oct 2015 21:36:24 GMT",12200,517257,2015-09-22 00:00:00
2015-10-03,"Sat, 03 Oct 2015 21:37:25 GMT",12200,517257,2015-09-22 00:00:00
2015-10-03,"Sat, 03 Oct 2015 21:38:26 GMT",12200,517257,2015-09-22 00:00:00
2015-10-03,"Sat, 03 Oct 2015 21:39:26 GMT",12200,517257,2015-09-22 00:00:00
2015-10-03,"Sat, 03 Oct 2015 21:40:27 GMT",12200,517257,2015-09-22 00:00:00
